{"class_name": "Sequential", "config": [{"class_name": "Dense", "config": {"name": "dense_4", "trainable": true, "batch_input_shape": [null, 10000], "dtype": "float32", "units": 2, "activation": "softmax", "use_bias": true, "kernel_initializer": {"class_name": "VarianceScaling", "config": {"scale": 1.0, "mode": "fan_avg", "distribution": "uniform", "seed": null}}, "bias_initializer": {"class_name": "Zeros", "config": {}}, "kernel_regularizer": null, "bias_regularizer": null, "activity_regularizer": null, "kernel_constraint": null, "bias_constraint": null}}], "keras_version": "2.0.5", "backend": "tensorflow"}